Subdomain,IP,Cloudflare
autodiscover.hawaiicounty.gov,173.197.89.187,false
dem.hawaiicounty.gov,135.84.124.41,false
dpw.hawaiicounty.gov,135.84.124.41,false
elections.hawaiicounty.gov,135.84.124.41,false
flood.hawaiicounty.gov,198.185.159.176,false
heleonbus.hawaiicounty.gov,135.84.124.41,false
housing.hawaiicounty.gov,135.84.124.41,false
kilauearecovery.hawaiicounty.gov,135.84.124.41,false
openspace.hawaiicounty.gov,135.84.124.41,false
parks.hawaiicounty.gov,135.84.124.41,false
planning.hawaiicounty.gov,135.84.124.41,false
rd.hawaiicounty.gov,135.84.124.41,false
recovery.hawaiicounty.gov,2.18.64.88,false
traffic.hawaiicounty.gov,198.185.159.176,false
vrl.hawaiicounty.gov,135.84.124.41,false
webmail.hawaiicounty.gov,173.197.89.187,false
www.dem.hawaiicounty.gov,2.18.64.88,false
www.dpw.hawaiicounty.gov,2.18.64.73,false
www.elections.hawaiicounty.gov,2.18.64.88,false
www.hawaiicounty.gov,2.18.64.88,false
www.heleonbus.hawaiicounty.gov,2.18.64.86,false
www.housing.hawaiicounty.gov,2.18.64.73,false
www.openspace.hawaiicounty.gov,2.18.64.72,false
www.parks.hawaiicounty.gov,2.18.64.73,false
www.planning.hawaiicounty.gov,2.18.64.88,false
www.rd.hawaiicounty.gov,2.18.64.71,false
www.vrl.hawaiicounty.gov,2.18.64.83,false